<cacti>	
	<hash_0000233f11f8a371f9475a22bbe27c7acce2a8>
		<name>DCN - OS - Load Average</name>
		<graph>
			<t_title></t_title>
			<title>|host_description| - Load Average</title>
			<t_image_format_id></t_image_format_id>
			<image_format_id>1</image_format_id>
			<t_height></t_height>
			<height>120</height>
			<t_width></t_width>
			<width>500</width>
			<t_slope_mode></t_slope_mode>
			<slope_mode>on</slope_mode>
			<t_auto_scale></t_auto_scale>
			<auto_scale>on</auto_scale>
			<t_auto_scale_opts></t_auto_scale_opts>
			<auto_scale_opts>2</auto_scale_opts>
			<t_auto_scale_log></t_auto_scale_log>
			<auto_scale_log></auto_scale_log>
			<t_scale_log_units></t_scale_log_units>
			<scale_log_units></scale_log_units>
			<t_auto_scale_rigid></t_auto_scale_rigid>
			<auto_scale_rigid>on</auto_scale_rigid>
			<t_auto_padding></t_auto_padding>
			<auto_padding>on</auto_padding>
			<t_export></t_export>
			<export>on</export>
			<t_upper_limit></t_upper_limit>
			<upper_limit>100</upper_limit>
			<t_lower_limit></t_lower_limit>
			<lower_limit>0</lower_limit>
			<t_base_value></t_base_value>
			<base_value>1000</base_value>
			<t_unit_value></t_unit_value>
			<unit_value></unit_value>
			<t_unit_exponent_value></t_unit_exponent_value>
			<unit_exponent_value>0</unit_exponent_value>
			<t_vertical_label></t_vertical_label>
			<vertical_label>%</vertical_label>
		</graph>
		<items>
			<hash_100023fa3aa2c187924b84564582c7e9f02b8d>
				<task_item_id>hash_0800235871f0ca18effb37936bb392e7e11cb9</task_item_id>
				<color_id>4668E4</color_id>
				<alpha>FF</alpha>
				<graph_type_id>7</graph_type_id>
				<consolidation_function_id>1</consolidation_function_id>
				<cdef_id>0</cdef_id>
				<value></value>
				<gprint_id>hash_060023e9c43831e54eca8069317a2ce8c6f751</gprint_id>
				<text_format>5 Second Average</text_format>
				<hard_return></hard_return>
				<sequence>1</sequence>
			</hash_100023fa3aa2c187924b84564582c7e9f02b8d>
			<hash_100023b476566445079edd1c6c08f424e3e237>
				<task_item_id>hash_0800235871f0ca18effb37936bb392e7e11cb9</task_item_id>
				<color_id>0</color_id>
				<alpha>FF</alpha>
				<graph_type_id>9</graph_type_id>
				<consolidation_function_id>4</consolidation_function_id>
				<cdef_id>0</cdef_id>
				<value></value>
				<gprint_id>hash_060023304a778405392f878a6db435afffc1e9</gprint_id>
				<text_format>Current:</text_format>
				<hard_return>on</hard_return>
				<sequence>2</sequence>
			</hash_100023b476566445079edd1c6c08f424e3e237>
			<hash_10002349dd8f1c41a212729a5e00c59444cd00>
				<task_item_id>hash_0800230fe6bc2293c9634851cec7b0a03a1f1c</task_item_id>
				<color_id>00FF00</color_id>
				<alpha>FF</alpha>
				<graph_type_id>8</graph_type_id>
				<consolidation_function_id>1</consolidation_function_id>
				<cdef_id>0</cdef_id>
				<value></value>
				<gprint_id>hash_060023e9c43831e54eca8069317a2ce8c6f751</gprint_id>
				<text_format>15 Second Average</text_format>
				<hard_return></hard_return>
				<sequence>3</sequence>
			</hash_10002349dd8f1c41a212729a5e00c59444cd00>
			<hash_10002313c9fb89e8900c3a5a39b5a9482fae46>
				<task_item_id>hash_0800230fe6bc2293c9634851cec7b0a03a1f1c</task_item_id>
				<color_id>0</color_id>
				<alpha>FF</alpha>
				<graph_type_id>9</graph_type_id>
				<consolidation_function_id>4</consolidation_function_id>
				<cdef_id>0</cdef_id>
				<value></value>
				<gprint_id>hash_060023304a778405392f878a6db435afffc1e9</gprint_id>
				<text_format>Current:</text_format>
				<hard_return>on</hard_return>
				<sequence>4</sequence>
			</hash_10002313c9fb89e8900c3a5a39b5a9482fae46>
			<hash_1000239b6bf5557e6bb1a5a8ba9fab546c4cbe>
				<task_item_id>hash_0800238e1a5cbfd8ce13b7efc387cfe9a8af39</task_item_id>
				<color_id>FF0000</color_id>
				<alpha>FF</alpha>
				<graph_type_id>8</graph_type_id>
				<consolidation_function_id>1</consolidation_function_id>
				<cdef_id>0</cdef_id>
				<value></value>
				<gprint_id>hash_060023e9c43831e54eca8069317a2ce8c6f751</gprint_id>
				<text_format>5 Minute Average</text_format>
				<hard_return></hard_return>
				<sequence>5</sequence>
			</hash_1000239b6bf5557e6bb1a5a8ba9fab546c4cbe>
			<hash_1000232db164f15c42be2969ea43d62258ea25>
				<task_item_id>hash_0800238e1a5cbfd8ce13b7efc387cfe9a8af39</task_item_id>
				<color_id>0</color_id>
				<alpha>FF</alpha>
				<graph_type_id>9</graph_type_id>
				<consolidation_function_id>4</consolidation_function_id>
				<cdef_id>0</cdef_id>
				<value></value>
				<gprint_id>hash_060023304a778405392f878a6db435afffc1e9</gprint_id>
				<text_format>Current:</text_format>
				<hard_return>on</hard_return>
				<sequence>6</sequence>
			</hash_1000232db164f15c42be2969ea43d62258ea25>
			<hash_10002384d7bc877eb04e4e8ca59ce6973086cc>
				<task_item_id>hash_080023f36703f331eefa817c7b988b82f48147</task_item_id>
				<color_id>9E8655</color_id>
				<alpha>FF</alpha>
				<graph_type_id>4</graph_type_id>
				<consolidation_function_id>1</consolidation_function_id>
				<cdef_id>0</cdef_id>
				<value></value>
				<gprint_id>hash_060023e9c43831e54eca8069317a2ce8c6f751</gprint_id>
				<text_format>Current</text_format>
				<hard_return></hard_return>
				<sequence>7</sequence>
			</hash_10002384d7bc877eb04e4e8ca59ce6973086cc>
			<hash_100023b82134e7f7e99934957c6ec205d11673>
				<task_item_id>hash_080023f36703f331eefa817c7b988b82f48147</task_item_id>
				<color_id>0</color_id>
				<alpha>FF</alpha>
				<graph_type_id>9</graph_type_id>
				<consolidation_function_id>4</consolidation_function_id>
				<cdef_id>0</cdef_id>
				<value></value>
				<gprint_id>hash_060023304a778405392f878a6db435afffc1e9</gprint_id>
				<text_format>Current:</text_format>
				<hard_return>on</hard_return>
				<sequence>8</sequence>
			</hash_100023b82134e7f7e99934957c6ec205d11673>
		</items>
		<inputs>
			<hash_0900239124627bdb5eb959f83dab003412501b>
				<name>Data Source [load_5sec]</name>
				<description></description>
				<column_name>task_item_id</column_name>
				<items>hash_000023b476566445079edd1c6c08f424e3e237|hash_000023fa3aa2c187924b84564582c7e9f02b8d</items>
			</hash_0900239124627bdb5eb959f83dab003412501b>
			<hash_090023121f6a0de91bdc3db834afbd81734d06>
				<name>Data Source [load_cur]</name>
				<description></description>
				<column_name>task_item_id</column_name>
				<items>hash_000023b82134e7f7e99934957c6ec205d11673|hash_00002384d7bc877eb04e4e8ca59ce6973086cc</items>
			</hash_090023121f6a0de91bdc3db834afbd81734d06>
			<hash_0900237315683e89a8c4b44d07e418d77cfcd7>
				<name>Data Source [load_15sec]</name>
				<description></description>
				<column_name>task_item_id</column_name>
				<items>hash_00002313c9fb89e8900c3a5a39b5a9482fae46|hash_00002349dd8f1c41a212729a5e00c59444cd00</items>
			</hash_0900237315683e89a8c4b44d07e418d77cfcd7>
			<hash_09002318678a1cf604438b503d6b60dac2bce2>
				<name>Data Source [load_5min]</name>
				<description></description>
				<column_name>task_item_id</column_name>
				<items>hash_0000232db164f15c42be2969ea43d62258ea25|hash_0000239b6bf5557e6bb1a5a8ba9fab546c4cbe</items>
			</hash_09002318678a1cf604438b503d6b60dac2bce2>
		</inputs>
	</hash_0000233f11f8a371f9475a22bbe27c7acce2a8>
	<hash_010023bb67b901bc62ee769b16b6af4defc04e>
		<name>DCN - OS - Load Average - 5 Second</name>
		<ds>
			<t_name></t_name>
			<name>|host_description| - Load Average - 5 Second</name>
			<data_input_id>hash_0300233eb92bb845b9660a7445cf9740726522</data_input_id>
			<t_rra_id></t_rra_id>
			<t_rrd_step></t_rrd_step>
			<rrd_step>300</rrd_step>
			<t_active></t_active>
			<active>on</active>
			<rra_items>hash_150023c21df5178e5c955013591239eb0afd46|hash_1500230d9c0af8b8acdc7807943937b3208e29|hash_1500236fc2d038fb42950138b0ce3e9874cc60|hash_150023e36f3adb9f152adfa5dc50fd2b23337e</rra_items>
		</ds>
		<items>
			<hash_0800235871f0ca18effb37936bb392e7e11cb9>
				<t_data_source_name></t_data_source_name>
				<data_source_name>load_5sec</data_source_name>
				<t_rrd_minimum></t_rrd_minimum>
				<rrd_minimum>0</rrd_minimum>
				<t_rrd_maximum></t_rrd_maximum>
				<rrd_maximum>500</rrd_maximum>
				<t_data_source_type_id></t_data_source_type_id>
				<data_source_type_id>1</data_source_type_id>
				<t_rrd_heartbeat></t_rrd_heartbeat>
				<rrd_heartbeat>600</rrd_heartbeat>
				<t_data_input_field_id></t_data_input_field_id>
				<data_input_field_id>0</data_input_field_id>
			</hash_0800235871f0ca18effb37936bb392e7e11cb9>
		</items>
		<data>
			<item_000>
				<data_input_field_id>hash_0700234276a5ec6e3fe33995129041b1909762</data_input_field_id>
				<t_value></t_value>
				<value>.1.3.6.1.4.1.6339.100.1.11.2.0</value>
			</item_000>
			<item_001>
				<data_input_field_id>hash_070023012ccb1d3687d3edb29c002ea66e72da</data_input_field_id>
				<t_value></t_value>
				<value></value>
			</item_001>
			<item_002>
				<data_input_field_id>hash_0700239c55a74bd571b4f00a96fd4b793278c6</data_input_field_id>
				<t_value></t_value>
				<value></value>
			</item_002>
			<item_003>
				<data_input_field_id>hash_070023ad14ac90641aed388139f6ba86a2e48b</data_input_field_id>
				<t_value></t_value>
				<value></value>
			</item_003>
			<item_004>
				<data_input_field_id>hash_07002332285d5bf16e56c478f5e83f32cda9ef</data_input_field_id>
				<t_value></t_value>
				<value></value>
			</item_004>
			<item_005>
				<data_input_field_id>hash_07002392f5906c8dc0f964b41f4253df582c38</data_input_field_id>
				<t_value></t_value>
				<value></value>
			</item_005>
			<item_006>
				<data_input_field_id>hash_070023fc64b99742ec417cc424dbf8c7692d36</data_input_field_id>
				<t_value></t_value>
				<value></value>
			</item_006>
			<item_007>
				<data_input_field_id>hash_07002320832ce12f099c8e54140793a091af90</data_input_field_id>
				<t_value></t_value>
				<value></value>
			</item_007>
			<item_008>
				<data_input_field_id>hash_070023c60c9aac1e1b3555ea0620b8bbfd82cb</data_input_field_id>
				<t_value></t_value>
				<value></value>
			</item_008>
			<item_009>
				<data_input_field_id>hash_070023feda162701240101bc74148415ef415a</data_input_field_id>
				<t_value></t_value>
				<value></value>
			</item_009>
			<item_010>
				<data_input_field_id>hash_070023d94caa7cc3733bd95ee00a3917fdcbb5</data_input_field_id>
				<t_value></t_value>
				<value></value>
			</item_010>
		</data>
	</hash_010023bb67b901bc62ee769b16b6af4defc04e>
	<hash_01002364dfd89dc5d456f30fe2f831b1f180cf>
		<name>DCN - OS - Load Average - 15 Second</name>
		<ds>
			<t_name></t_name>
			<name>|host_description| - Load Average - 15 Second</name>
			<data_input_id>hash_0300233eb92bb845b9660a7445cf9740726522</data_input_id>
			<t_rra_id></t_rra_id>
			<t_rrd_step></t_rrd_step>
			<rrd_step>300</rrd_step>
			<t_active></t_active>
			<active>on</active>
			<rra_items>hash_150023c21df5178e5c955013591239eb0afd46|hash_1500230d9c0af8b8acdc7807943937b3208e29|hash_1500236fc2d038fb42950138b0ce3e9874cc60|hash_150023e36f3adb9f152adfa5dc50fd2b23337e</rra_items>
		</ds>
		<items>
			<hash_0800230fe6bc2293c9634851cec7b0a03a1f1c>
				<t_data_source_name></t_data_source_name>
				<data_source_name>load_15sec</data_source_name>
				<t_rrd_minimum></t_rrd_minimum>
				<rrd_minimum>0</rrd_minimum>
				<t_rrd_maximum></t_rrd_maximum>
				<rrd_maximum>500</rrd_maximum>
				<t_data_source_type_id></t_data_source_type_id>
				<data_source_type_id>1</data_source_type_id>
				<t_rrd_heartbeat></t_rrd_heartbeat>
				<rrd_heartbeat>600</rrd_heartbeat>
				<t_data_input_field_id></t_data_input_field_id>
				<data_input_field_id>0</data_input_field_id>
			</hash_0800230fe6bc2293c9634851cec7b0a03a1f1c>
		</items>
		<data>
			<item_000>
				<data_input_field_id>hash_07002320832ce12f099c8e54140793a091af90</data_input_field_id>
				<t_value></t_value>
				<value></value>
			</item_000>
			<item_001>
				<data_input_field_id>hash_070023fc64b99742ec417cc424dbf8c7692d36</data_input_field_id>
				<t_value></t_value>
				<value></value>
			</item_001>
			<item_002>
				<data_input_field_id>hash_0700234276a5ec6e3fe33995129041b1909762</data_input_field_id>
				<t_value></t_value>
				<value>.1.3.6.1.4.1.6339.100.1.11.3.0</value>
			</item_002>
			<item_003>
				<data_input_field_id>hash_070023012ccb1d3687d3edb29c002ea66e72da</data_input_field_id>
				<t_value></t_value>
				<value></value>
			</item_003>
			<item_004>
				<data_input_field_id>hash_0700239c55a74bd571b4f00a96fd4b793278c6</data_input_field_id>
				<t_value></t_value>
				<value></value>
			</item_004>
			<item_005>
				<data_input_field_id>hash_070023ad14ac90641aed388139f6ba86a2e48b</data_input_field_id>
				<t_value></t_value>
				<value></value>
			</item_005>
			<item_006>
				<data_input_field_id>hash_07002332285d5bf16e56c478f5e83f32cda9ef</data_input_field_id>
				<t_value></t_value>
				<value></value>
			</item_006>
			<item_007>
				<data_input_field_id>hash_07002392f5906c8dc0f964b41f4253df582c38</data_input_field_id>
				<t_value></t_value>
				<value></value>
			</item_007>
			<item_008>
				<data_input_field_id>hash_070023c60c9aac1e1b3555ea0620b8bbfd82cb</data_input_field_id>
				<t_value></t_value>
				<value></value>
			</item_008>
			<item_009>
				<data_input_field_id>hash_070023feda162701240101bc74148415ef415a</data_input_field_id>
				<t_value></t_value>
				<value></value>
			</item_009>
			<item_010>
				<data_input_field_id>hash_070023d94caa7cc3733bd95ee00a3917fdcbb5</data_input_field_id>
				<t_value></t_value>
				<value></value>
			</item_010>
		</data>
	</hash_01002364dfd89dc5d456f30fe2f831b1f180cf>
	<hash_010023d5f1ae767714841c11ca7fa607c13148>
		<name>DCN - OS - Load Average - 5 Min</name>
		<ds>
			<t_name></t_name>
			<name>|host_description| - Load Average - 5 Min</name>
			<data_input_id>hash_0300233eb92bb845b9660a7445cf9740726522</data_input_id>
			<t_rra_id></t_rra_id>
			<t_rrd_step></t_rrd_step>
			<rrd_step>300</rrd_step>
			<t_active></t_active>
			<active>on</active>
			<rra_items>hash_150023c21df5178e5c955013591239eb0afd46|hash_1500230d9c0af8b8acdc7807943937b3208e29|hash_1500236fc2d038fb42950138b0ce3e9874cc60|hash_150023e36f3adb9f152adfa5dc50fd2b23337e</rra_items>
		</ds>
		<items>
			<hash_0800238e1a5cbfd8ce13b7efc387cfe9a8af39>
				<t_data_source_name></t_data_source_name>
				<data_source_name>load_5min</data_source_name>
				<t_rrd_minimum></t_rrd_minimum>
				<rrd_minimum>0</rrd_minimum>
				<t_rrd_maximum></t_rrd_maximum>
				<rrd_maximum>500</rrd_maximum>
				<t_data_source_type_id></t_data_source_type_id>
				<data_source_type_id>1</data_source_type_id>
				<t_rrd_heartbeat></t_rrd_heartbeat>
				<rrd_heartbeat>600</rrd_heartbeat>
				<t_data_input_field_id></t_data_input_field_id>
				<data_input_field_id>0</data_input_field_id>
			</hash_0800238e1a5cbfd8ce13b7efc387cfe9a8af39>
		</items>
		<data>
			<item_000>
				<data_input_field_id>hash_07002320832ce12f099c8e54140793a091af90</data_input_field_id>
				<t_value></t_value>
				<value></value>
			</item_000>
			<item_001>
				<data_input_field_id>hash_070023fc64b99742ec417cc424dbf8c7692d36</data_input_field_id>
				<t_value></t_value>
				<value></value>
			</item_001>
			<item_002>
				<data_input_field_id>hash_0700234276a5ec6e3fe33995129041b1909762</data_input_field_id>
				<t_value></t_value>
				<value>.1.3.6.1.4.1.6339.100.1.11.4.0</value>
			</item_002>
			<item_003>
				<data_input_field_id>hash_070023012ccb1d3687d3edb29c002ea66e72da</data_input_field_id>
				<t_value></t_value>
				<value></value>
			</item_003>
			<item_004>
				<data_input_field_id>hash_0700239c55a74bd571b4f00a96fd4b793278c6</data_input_field_id>
				<t_value></t_value>
				<value></value>
			</item_004>
			<item_005>
				<data_input_field_id>hash_070023ad14ac90641aed388139f6ba86a2e48b</data_input_field_id>
				<t_value></t_value>
				<value></value>
			</item_005>
			<item_006>
				<data_input_field_id>hash_07002332285d5bf16e56c478f5e83f32cda9ef</data_input_field_id>
				<t_value></t_value>
				<value></value>
			</item_006>
			<item_007>
				<data_input_field_id>hash_07002392f5906c8dc0f964b41f4253df582c38</data_input_field_id>
				<t_value></t_value>
				<value></value>
			</item_007>
			<item_008>
				<data_input_field_id>hash_070023c60c9aac1e1b3555ea0620b8bbfd82cb</data_input_field_id>
				<t_value></t_value>
				<value></value>
			</item_008>
			<item_009>
				<data_input_field_id>hash_070023feda162701240101bc74148415ef415a</data_input_field_id>
				<t_value></t_value>
				<value></value>
			</item_009>
			<item_010>
				<data_input_field_id>hash_070023d94caa7cc3733bd95ee00a3917fdcbb5</data_input_field_id>
				<t_value></t_value>
				<value></value>
			</item_010>
		</data>
	</hash_010023d5f1ae767714841c11ca7fa607c13148>
	<hash_010023c716a9c1c82f1a18c07b290e865511c5>
		<name>DCN - OS - Load Average - current</name>
		<ds>
			<t_name></t_name>
			<name>|host_description| - Load Average - current</name>
			<data_input_id>hash_0300233eb92bb845b9660a7445cf9740726522</data_input_id>
			<t_rra_id></t_rra_id>
			<t_rrd_step></t_rrd_step>
			<rrd_step>300</rrd_step>
			<t_active></t_active>
			<active>on</active>
			<rra_items>hash_150023c21df5178e5c955013591239eb0afd46|hash_1500230d9c0af8b8acdc7807943937b3208e29|hash_1500236fc2d038fb42950138b0ce3e9874cc60|hash_150023e36f3adb9f152adfa5dc50fd2b23337e</rra_items>
		</ds>
		<items>
			<hash_080023f36703f331eefa817c7b988b82f48147>
				<t_data_source_name></t_data_source_name>
				<data_source_name>load_cur</data_source_name>
				<t_rrd_minimum></t_rrd_minimum>
				<rrd_minimum>0</rrd_minimum>
				<t_rrd_maximum></t_rrd_maximum>
				<rrd_maximum>500</rrd_maximum>
				<t_data_source_type_id></t_data_source_type_id>
				<data_source_type_id>1</data_source_type_id>
				<t_rrd_heartbeat></t_rrd_heartbeat>
				<rrd_heartbeat>600</rrd_heartbeat>
				<t_data_input_field_id></t_data_input_field_id>
				<data_input_field_id>0</data_input_field_id>
			</hash_080023f36703f331eefa817c7b988b82f48147>
		</items>
		<data>
			<item_000>
				<data_input_field_id>hash_07002320832ce12f099c8e54140793a091af90</data_input_field_id>
				<t_value></t_value>
				<value></value>
			</item_000>
			<item_001>
				<data_input_field_id>hash_070023fc64b99742ec417cc424dbf8c7692d36</data_input_field_id>
				<t_value></t_value>
				<value></value>
			</item_001>
			<item_002>
				<data_input_field_id>hash_0700234276a5ec6e3fe33995129041b1909762</data_input_field_id>
				<t_value></t_value>
				<value>.1.3.6.1.4.1.6339.100.1.11.5.0</value>
			</item_002>
			<item_003>
				<data_input_field_id>hash_070023012ccb1d3687d3edb29c002ea66e72da</data_input_field_id>
				<t_value></t_value>
				<value></value>
			</item_003>
			<item_004>
				<data_input_field_id>hash_0700239c55a74bd571b4f00a96fd4b793278c6</data_input_field_id>
				<t_value></t_value>
				<value></value>
			</item_004>
			<item_005>
				<data_input_field_id>hash_070023ad14ac90641aed388139f6ba86a2e48b</data_input_field_id>
				<t_value></t_value>
				<value></value>
			</item_005>
			<item_006>
				<data_input_field_id>hash_07002332285d5bf16e56c478f5e83f32cda9ef</data_input_field_id>
				<t_value></t_value>
				<value></value>
			</item_006>
			<item_007>
				<data_input_field_id>hash_07002392f5906c8dc0f964b41f4253df582c38</data_input_field_id>
				<t_value></t_value>
				<value></value>
			</item_007>
			<item_008>
				<data_input_field_id>hash_070023c60c9aac1e1b3555ea0620b8bbfd82cb</data_input_field_id>
				<t_value></t_value>
				<value></value>
			</item_008>
			<item_009>
				<data_input_field_id>hash_070023feda162701240101bc74148415ef415a</data_input_field_id>
				<t_value></t_value>
				<value></value>
			</item_009>
			<item_010>
				<data_input_field_id>hash_070023d94caa7cc3733bd95ee00a3917fdcbb5</data_input_field_id>
				<t_value></t_value>
				<value></value>
			</item_010>
		</data>
	</hash_010023c716a9c1c82f1a18c07b290e865511c5>
	<hash_0300233eb92bb845b9660a7445cf9740726522>
		<name>Get SNMP Data</name>
		<type_id>2</type_id>
		<input_string></input_string>
		<fields>
			<hash_07002392f5906c8dc0f964b41f4253df582c38>
				<name>SNMP IP Address</name>
				<update_rra></update_rra>
				<regexp_match></regexp_match>
				<allow_nulls></allow_nulls>
				<type_code>hostname</type_code>
				<input_output>in</input_output>
				<data_name>management_ip</data_name>
			</hash_07002392f5906c8dc0f964b41f4253df582c38>
			<hash_07002332285d5bf16e56c478f5e83f32cda9ef>
				<name>SNMP Community</name>
				<update_rra></update_rra>
				<regexp_match></regexp_match>
				<allow_nulls></allow_nulls>
				<type_code>snmp_community</type_code>
				<input_output>in</input_output>
				<data_name>snmp_community</data_name>
			</hash_07002332285d5bf16e56c478f5e83f32cda9ef>
			<hash_070023ad14ac90641aed388139f6ba86a2e48b>
				<name>SNMP Username</name>
				<update_rra></update_rra>
				<regexp_match></regexp_match>
				<allow_nulls>on</allow_nulls>
				<type_code>snmp_username</type_code>
				<input_output>in</input_output>
				<data_name>snmp_username</data_name>
			</hash_070023ad14ac90641aed388139f6ba86a2e48b>
			<hash_0700239c55a74bd571b4f00a96fd4b793278c6>
				<name>SNMP Password</name>
				<update_rra></update_rra>
				<regexp_match></regexp_match>
				<allow_nulls>on</allow_nulls>
				<type_code>snmp_password</type_code>
				<input_output>in</input_output>
				<data_name>snmp_password</data_name>
			</hash_0700239c55a74bd571b4f00a96fd4b793278c6>
			<hash_070023012ccb1d3687d3edb29c002ea66e72da>
				<name>SNMP Version (1, 2, or 3)</name>
				<update_rra></update_rra>
				<regexp_match></regexp_match>
				<allow_nulls>on</allow_nulls>
				<type_code>snmp_version</type_code>
				<input_output>in</input_output>
				<data_name>snmp_version</data_name>
			</hash_070023012ccb1d3687d3edb29c002ea66e72da>
			<hash_0700234276a5ec6e3fe33995129041b1909762>
				<name>OID</name>
				<update_rra></update_rra>
				<regexp_match></regexp_match>
				<allow_nulls></allow_nulls>
				<type_code>snmp_oid</type_code>
				<input_output>in</input_output>
				<data_name>oid</data_name>
			</hash_0700234276a5ec6e3fe33995129041b1909762>
			<hash_070023fc64b99742ec417cc424dbf8c7692d36>
				<name>SNMP Port</name>
				<update_rra></update_rra>
				<regexp_match></regexp_match>
				<allow_nulls></allow_nulls>
				<type_code>snmp_port</type_code>
				<input_output>in</input_output>
				<data_name>snmp_port</data_name>
			</hash_070023fc64b99742ec417cc424dbf8c7692d36>
			<hash_07002320832ce12f099c8e54140793a091af90>
				<name>SNMP Authenticaion Protocol (v3)</name>
				<update_rra></update_rra>
				<regexp_match></regexp_match>
				<allow_nulls></allow_nulls>
				<type_code>snmp_auth_protocol</type_code>
				<input_output>in</input_output>
				<data_name>snmp_auth_protocol</data_name>
			</hash_07002320832ce12f099c8e54140793a091af90>
			<hash_070023c60c9aac1e1b3555ea0620b8bbfd82cb>
				<name>SNMP Privacy Passphrase (v3)</name>
				<update_rra></update_rra>
				<regexp_match></regexp_match>
				<allow_nulls></allow_nulls>
				<type_code>snmp_priv_passphrase</type_code>
				<input_output>in</input_output>
				<data_name>snmp_priv_passphrase</data_name>
			</hash_070023c60c9aac1e1b3555ea0620b8bbfd82cb>
			<hash_070023feda162701240101bc74148415ef415a>
				<name>SNMP Privacy Protocol (v3)</name>
				<update_rra></update_rra>
				<regexp_match></regexp_match>
				<allow_nulls></allow_nulls>
				<type_code>snmp_priv_protocol</type_code>
				<input_output>in</input_output>
				<data_name>snmp_priv_protocol</data_name>
			</hash_070023feda162701240101bc74148415ef415a>
			<hash_070023d94caa7cc3733bd95ee00a3917fdcbb5>
				<name>SNMP Port</name>
				<update_rra></update_rra>
				<regexp_match></regexp_match>
				<allow_nulls>on</allow_nulls>
				<type_code>snmp_port</type_code>
				<input_output>in</input_output>
				<data_name>snmp_port</data_name>
			</hash_070023d94caa7cc3733bd95ee00a3917fdcbb5>
		</fields>
	</hash_0300233eb92bb845b9660a7445cf9740726522>
	<hash_150023c21df5178e5c955013591239eb0afd46>
		<name>Daily (5 Minute Average)</name>
		<x_files_factor>0.5</x_files_factor>
		<steps>1</steps>
		<rows>600</rows>
		<timespan>86400</timespan>
		<cf_items>1|3</cf_items>
	</hash_150023c21df5178e5c955013591239eb0afd46>
	<hash_1500230d9c0af8b8acdc7807943937b3208e29>
		<name>Weekly (30 Minute Average)</name>
		<x_files_factor>0.5</x_files_factor>
		<steps>6</steps>
		<rows>700</rows>
		<timespan>604800</timespan>
		<cf_items>1|3</cf_items>
	</hash_1500230d9c0af8b8acdc7807943937b3208e29>
	<hash_1500236fc2d038fb42950138b0ce3e9874cc60>
		<name>Monthly (2 Hour Average)</name>
		<x_files_factor>0.5</x_files_factor>
		<steps>24</steps>
		<rows>775</rows>
		<timespan>2678400</timespan>
		<cf_items>1|3</cf_items>
	</hash_1500236fc2d038fb42950138b0ce3e9874cc60>
	<hash_150023e36f3adb9f152adfa5dc50fd2b23337e>
		<name>Yearly (1 Day Average)</name>
		<x_files_factor>0.5</x_files_factor>
		<steps>288</steps>
		<rows>797</rows>
		<timespan>33053184</timespan>
		<cf_items>1|3</cf_items>
	</hash_150023e36f3adb9f152adfa5dc50fd2b23337e>
	<hash_060023e9c43831e54eca8069317a2ce8c6f751>
		<name>Normal</name>
		<gprint_text>%8.2lf%s</gprint_text>
	</hash_060023e9c43831e54eca8069317a2ce8c6f751>
	<hash_060023304a778405392f878a6db435afffc1e9>
		<name>Load Average</name>
		<gprint_text>%8.2lf</gprint_text>
	</hash_060023304a778405392f878a6db435afffc1e9>
</cacti>